SBIN.NS,TATAMOTORS.NS,RELIANCE.NS,LT.NS,TATASTEEL.N
0.18217026,0.14781808,0.25599156,0.24162237,0.17239773